epoch,batch,loss,grad_norm,lr,timestamp
1,1,12.634740,nan,1.00e-04,2026-01-27 18:47:42
1,2,15.542524,nan,1.00e-04,2026-01-27 18:47:42
1,3,11.547513,nan,1.00e-04,2026-01-27 18:47:42
1,4,11.060440,1.000000,1.00e-04,2026-01-27 18:47:42
1,5,11.805803,1.000000,1.00e-04,2026-01-27 18:47:42
1,6,12.789093,1.000000,1.00e-04,2026-01-27 18:47:42
1,7,10.042439,1.000000,1.00e-04,2026-01-27 18:47:42
1,8,11.788015,1.000000,1.00e-04,2026-01-27 18:47:42
1,9,14.199905,1.000000,1.00e-04,2026-01-27 18:47:42
1,10,12.452564,1.000000,1.00e-04,2026-01-27 18:47:42
1,11,13.153382,1.000000,1.00e-04,2026-01-27 18:47:42
1,12,12.194192,1.000000,1.00e-04,2026-01-27 18:47:42
1,13,10.952574,1.000000,1.00e-04,2026-01-27 18:47:42
1,14,10.176982,1.000000,1.00e-04,2026-01-27 18:47:42
1,15,16.593290,1.000000,1.00e-04,2026-01-27 18:47:42
1,16,16.556301,1.000000,1.00e-04,2026-01-27 18:47:42
1,17,9.217501,1.000000,1.00e-04,2026-01-27 18:47:42
1,18,12.111691,1.000000,1.00e-04,2026-01-27 18:47:42
1,19,10.889128,1.000000,1.00e-04,2026-01-27 18:47:42
1,20,12.637032,1.000000,1.00e-04,2026-01-27 18:47:42
1,21,12.129934,1.000000,1.00e-04,2026-01-27 18:47:42
1,22,11.991547,1.000000,1.00e-04,2026-01-27 18:47:42
1,23,11.502235,1.000000,1.00e-04,2026-01-27 18:47:42
1,24,8.077378,1.000000,1.00e-04,2026-01-27 18:47:42
1,25,12.393154,1.000000,1.00e-04,2026-01-27 18:47:42
1,26,11.497827,1.000000,1.00e-04,2026-01-27 18:47:42
1,27,9.524247,1.000000,1.00e-04,2026-01-27 18:47:43
1,28,12.947755,1.000000,1.00e-04,2026-01-27 18:47:43
1,29,8.221613,1.000000,1.00e-04,2026-01-27 18:47:43
2,1,8.950885,1.000000,1.00e-04,2026-01-27 18:47:45
2,2,12.973119,1.000000,1.00e-04,2026-01-27 18:47:45
2,3,10.585385,1.000000,1.00e-04,2026-01-27 18:47:45
2,4,10.097315,1.000000,1.00e-04,2026-01-27 18:47:45
2,5,10.773644,1.000000,1.00e-04,2026-01-27 18:47:45
2,6,10.941856,1.000000,1.00e-04,2026-01-27 18:47:45
2,7,10.349401,1.000000,1.00e-04,2026-01-27 18:47:45
2,8,8.885345,1.000000,1.00e-04,2026-01-27 18:47:45
2,9,10.897583,nan,1.00e-04,2026-01-27 18:47:45
2,10,10.178345,1.000000,1.00e-04,2026-01-27 18:47:46
2,11,7.720261,1.000000,1.00e-04,2026-01-27 18:47:46
2,12,10.600593,1.000000,1.00e-04,2026-01-27 18:47:46
2,13,10.036394,1.000000,1.00e-04,2026-01-27 18:47:46
2,14,8.195465,1.000000,1.00e-04,2026-01-27 18:47:46
2,15,8.073624,1.000000,1.00e-04,2026-01-27 18:47:46
2,16,10.234589,1.000000,1.00e-04,2026-01-27 18:47:46
2,17,8.064416,1.000000,1.00e-04,2026-01-27 18:47:46
2,18,8.095719,1.000000,1.00e-04,2026-01-27 18:47:46
2,19,11.220140,1.000000,1.00e-04,2026-01-27 18:47:46
2,20,6.566176,1.000000,1.00e-04,2026-01-27 18:47:46
2,21,10.971253,1.000000,1.00e-04,2026-01-27 18:47:46
2,22,5.441176,1.000000,1.00e-04,2026-01-27 18:47:46
2,23,5.996744,1.000000,1.00e-04,2026-01-27 18:47:46
2,24,6.397417,1.000000,1.00e-04,2026-01-27 18:47:46
2,25,5.989325,1.000000,1.00e-04,2026-01-27 18:47:46
2,26,6.753529,1.000000,1.00e-04,2026-01-27 18:47:46
2,27,7.572166,1.000000,1.00e-04,2026-01-27 18:47:46
2,28,9.383118,1.000000,1.00e-04,2026-01-27 18:47:46
2,29,2.434675,1.000000,1.00e-04,2026-01-27 18:47:46
3,1,6.616644,1.000000,1.00e-04,2026-01-27 18:47:48
3,2,3.975546,1.000000,1.00e-04,2026-01-27 18:47:49
3,3,3.408110,1.000000,1.00e-04,2026-01-27 18:47:49
3,4,7.427755,1.000000,1.00e-04,2026-01-27 18:47:49
3,5,7.063692,1.000000,1.00e-04,2026-01-27 18:47:49
3,6,5.612748,1.000000,1.00e-04,2026-01-27 18:47:49
3,7,4.925635,1.000000,1.00e-04,2026-01-27 18:47:49
3,8,3.839173,1.000000,1.00e-04,2026-01-27 18:47:49
3,9,5.023745,1.000000,1.00e-04,2026-01-27 18:47:49
3,10,5.708384,1.000000,1.00e-04,2026-01-27 18:47:49
3,11,4.977062,1.000000,1.00e-04,2026-01-27 18:47:49
3,12,9.434484,1.000000,1.00e-04,2026-01-27 18:47:49
3,13,4.348810,1.000000,1.00e-04,2026-01-27 18:47:49
3,14,5.422446,1.000000,1.00e-04,2026-01-27 18:47:49
3,15,5.087897,1.000000,1.00e-04,2026-01-27 18:47:49
3,16,5.828993,1.000000,1.00e-04,2026-01-27 18:47:49
3,17,3.942749,1.000000,1.00e-04,2026-01-27 18:47:49
3,18,8.907846,1.000000,1.00e-04,2026-01-27 18:47:49
3,19,5.579557,1.000000,1.00e-04,2026-01-27 18:47:49
3,20,3.859420,1.000000,1.00e-04,2026-01-27 18:47:49
3,21,4.801809,1.000000,1.00e-04,2026-01-27 18:47:49
3,22,3.642543,1.000000,1.00e-04,2026-01-27 18:47:49
3,23,7.057224,1.000000,1.00e-04,2026-01-27 18:47:49
3,24,4.899311,1.000000,1.00e-04,2026-01-27 18:47:49
3,25,2.180882,1.000000,1.00e-04,2026-01-27 18:47:49
3,26,3.219018,1.000000,1.00e-04,2026-01-27 18:47:49
3,27,3.232403,1.000000,1.00e-04,2026-01-27 18:47:49
3,28,4.826811,1.000000,1.00e-04,2026-01-27 18:47:49
3,29,3.383251,1.000000,1.00e-04,2026-01-27 18:47:49
4,1,2.368313,1.000000,1.00e-04,2026-01-27 18:47:52
4,2,4.134233,1.000000,1.00e-04,2026-01-27 18:47:52
4,3,5.990834,nan,1.00e-04,2026-01-27 18:47:52
4,4,2.228403,1.000000,1.00e-04,2026-01-27 18:47:52
4,5,4.850718,1.000000,1.00e-04,2026-01-27 18:47:52
4,6,4.865875,1.000000,1.00e-04,2026-01-27 18:47:52
4,7,4.782238,1.000000,1.00e-04,2026-01-27 18:47:52
4,8,3.201603,1.000000,1.00e-04,2026-01-27 18:47:52
4,9,3.998093,1.000000,1.00e-04,2026-01-27 18:47:52
4,10,4.804832,1.000000,1.00e-04,2026-01-27 18:47:52
4,11,3.122754,1.000000,1.00e-04,2026-01-27 18:47:52
4,12,2.799409,1.000000,1.00e-04,2026-01-27 18:47:52
4,13,6.954479,1.000000,1.00e-04,2026-01-27 18:47:52
4,14,4.077377,1.000000,1.00e-04,2026-01-27 18:47:53
4,15,3.223742,1.000000,1.00e-04,2026-01-27 18:47:53
4,16,5.118802,1.000000,1.00e-04,2026-01-27 18:47:53
4,17,6.396346,1.000000,1.00e-04,2026-01-27 18:47:53
4,18,3.684418,1.000000,1.00e-04,2026-01-27 18:47:53
4,19,7.551907,1.000000,1.00e-04,2026-01-27 18:47:53
4,20,3.688125,1.000000,1.00e-04,2026-01-27 18:47:53
4,21,3.157089,1.000000,1.00e-04,2026-01-27 18:47:53
4,22,4.036687,1.000000,1.00e-04,2026-01-27 18:47:53
4,23,4.480005,1.000000,1.00e-04,2026-01-27 18:47:53
4,24,2.145448,1.000000,1.00e-04,2026-01-27 18:47:53
4,25,4.452918,1.000000,1.00e-04,2026-01-27 18:47:53
4,26,4.294586,1.000000,1.00e-04,2026-01-27 18:47:53
4,27,5.598243,1.000000,1.00e-04,2026-01-27 18:47:53
4,28,3.587862,1.000000,1.00e-04,2026-01-27 18:47:53
4,29,5.134931,1.000000,1.00e-04,2026-01-27 18:47:53
5,1,2.392826,1.000000,1.00e-04,2026-01-27 18:47:55
5,2,1.715503,1.000000,1.00e-04,2026-01-27 18:47:55
5,3,6.643056,1.000000,1.00e-04,2026-01-27 18:47:55
5,4,5.625706,1.000000,1.00e-04,2026-01-27 18:47:56
5,5,3.486583,1.000000,1.00e-04,2026-01-27 18:47:56
5,6,6.201252,1.000000,1.00e-04,2026-01-27 18:47:56
5,7,4.690604,1.000000,1.00e-04,2026-01-27 18:47:56
5,8,3.356070,1.000000,1.00e-04,2026-01-27 18:47:56
5,9,3.301552,1.000000,1.00e-04,2026-01-27 18:47:56
5,10,5.783292,1.000000,1.00e-04,2026-01-27 18:47:56
5,11,4.326610,1.000000,1.00e-04,2026-01-27 18:47:56
5,12,3.919508,1.000000,1.00e-04,2026-01-27 18:47:56
5,13,2.336352,1.000000,1.00e-04,2026-01-27 18:47:56
5,14,2.383882,1.000000,1.00e-04,2026-01-27 18:47:56
5,15,2.231194,1.000000,1.00e-04,2026-01-27 18:47:56
5,16,2.482038,1.000000,1.00e-04,2026-01-27 18:47:56
5,17,4.681375,1.000000,1.00e-04,2026-01-27 18:47:56
5,18,2.817075,1.000000,1.00e-04,2026-01-27 18:47:56
5,19,4.000978,1.000000,1.00e-04,2026-01-27 18:47:56
5,20,3.865833,1.000000,1.00e-04,2026-01-27 18:47:56
5,21,3.773634,1.000000,1.00e-04,2026-01-27 18:47:56
5,22,2.566550,1.000000,1.00e-04,2026-01-27 18:47:56
5,23,3.260020,1.000000,1.00e-04,2026-01-27 18:47:56
5,24,2.517103,1.000000,1.00e-04,2026-01-27 18:47:56
5,25,3.130275,1.000000,1.00e-04,2026-01-27 18:47:56
5,26,2.134713,1.000000,1.00e-04,2026-01-27 18:47:56
5,27,2.778364,1.000000,1.00e-04,2026-01-27 18:47:56
5,28,3.681816,1.000000,1.00e-04,2026-01-27 18:47:56
5,29,3.693515,1.000000,1.00e-04,2026-01-27 18:47:56
6,1,4.204507,1.000000,9.99e-05,2026-01-27 18:47:59
6,2,3.666282,1.000000,9.99e-05,2026-01-27 18:47:59
6,3,4.114874,1.000000,9.99e-05,2026-01-27 18:47:59
6,4,3.059302,1.000000,9.99e-05,2026-01-27 18:47:59
6,5,5.348601,1.000000,9.99e-05,2026-01-27 18:47:59
6,6,5.464979,1.000000,9.99e-05,2026-01-27 18:47:59
6,7,3.982182,1.000000,9.99e-05,2026-01-27 18:47:59
6,8,3.935293,1.000000,9.99e-05,2026-01-27 18:47:59
6,9,2.871527,1.000000,9.99e-05,2026-01-27 18:47:59
6,10,2.703500,1.000000,9.99e-05,2026-01-27 18:47:59
6,11,3.723600,1.000000,9.99e-05,2026-01-27 18:47:59
6,12,3.723918,1.000000,9.99e-05,2026-01-27 18:47:59
6,13,2.964484,1.000000,9.99e-05,2026-01-27 18:47:59
6,14,4.376361,1.000000,9.99e-05,2026-01-27 18:47:59
6,15,2.291770,1.000000,9.99e-05,2026-01-27 18:47:59
6,16,3.973322,1.000000,9.99e-05,2026-01-27 18:47:59
6,17,1.814942,1.000000,9.99e-05,2026-01-27 18:47:59
6,18,2.219645,1.000000,9.99e-05,2026-01-27 18:47:59
6,19,4.040891,1.000000,9.99e-05,2026-01-27 18:47:59
6,20,3.533167,1.000000,9.99e-05,2026-01-27 18:47:59
6,21,3.064539,1.000000,9.99e-05,2026-01-27 18:47:59
6,22,3.524788,1.000000,9.99e-05,2026-01-27 18:47:59
6,23,3.145002,1.000000,9.99e-05,2026-01-27 18:47:59
6,24,2.503150,1.000000,9.99e-05,2026-01-27 18:47:59
6,25,2.624518,1.000000,9.99e-05,2026-01-27 18:47:59
6,26,4.448299,1.000000,9.99e-05,2026-01-27 18:48:00
6,27,2.385414,1.000000,9.99e-05,2026-01-27 18:48:00
6,28,2.373034,1.000000,9.99e-05,2026-01-27 18:48:00
6,29,8.105260,1.000000,9.99e-05,2026-01-27 18:48:00
7,1,5.796574,1.000000,9.99e-05,2026-01-27 18:48:02
7,2,2.332783,1.000000,9.99e-05,2026-01-27 18:48:02
7,3,2.560943,1.000000,9.99e-05,2026-01-27 18:48:02
7,4,3.047214,1.000000,9.99e-05,2026-01-27 18:48:02
7,5,2.307265,1.000000,9.99e-05,2026-01-27 18:48:02
7,6,3.336123,1.000000,9.99e-05,2026-01-27 18:48:02
7,7,6.384689,1.000000,9.99e-05,2026-01-27 18:48:02
7,8,5.952500,1.000000,9.99e-05,2026-01-27 18:48:02
7,9,2.416901,1.000000,9.99e-05,2026-01-27 18:48:02
7,10,1.598668,1.000000,9.99e-05,2026-01-27 18:48:02
7,11,3.287881,1.000000,9.99e-05,2026-01-27 18:48:03
7,12,2.155254,1.000000,9.99e-05,2026-01-27 18:48:03
7,13,3.748325,1.000000,9.99e-05,2026-01-27 18:48:03
7,14,3.548275,1.000000,9.99e-05,2026-01-27 18:48:03
7,15,3.687335,1.000000,9.99e-05,2026-01-27 18:48:03
7,16,3.044073,1.000000,9.99e-05,2026-01-27 18:48:03
7,17,2.068489,1.000000,9.99e-05,2026-01-27 18:48:03
7,18,3.321733,1.000000,9.99e-05,2026-01-27 18:48:03
7,19,4.614941,1.000000,9.99e-05,2026-01-27 18:48:03
7,20,1.840469,1.000000,9.99e-05,2026-01-27 18:48:03
7,21,2.770672,1.000000,9.99e-05,2026-01-27 18:48:03
7,22,3.818942,1.000000,9.99e-05,2026-01-27 18:48:03
7,23,3.806669,1.000000,9.99e-05,2026-01-27 18:48:03
7,24,1.472948,1.000000,9.99e-05,2026-01-27 18:48:03
7,25,2.121002,1.000000,9.99e-05,2026-01-27 18:48:03
7,26,1.996969,1.000000,9.99e-05,2026-01-27 18:48:03
7,27,2.399187,1.000000,9.99e-05,2026-01-27 18:48:03
7,28,3.038321,1.000000,9.99e-05,2026-01-27 18:48:03
7,29,1.964128,1.000000,9.99e-05,2026-01-27 18:48:03
8,1,2.090026,1.000000,9.99e-05,2026-01-27 18:48:05
8,2,1.536224,1.000000,9.99e-05,2026-01-27 18:48:05
8,3,2.320627,1.000000,9.99e-05,2026-01-27 18:48:05
8,4,2.979282,1.000000,9.99e-05,2026-01-27 18:48:05
8,5,2.160571,1.000000,9.99e-05,2026-01-27 18:48:05
8,6,2.600778,1.000000,9.99e-05,2026-01-27 18:48:06
8,7,3.768835,1.000000,9.99e-05,2026-01-27 18:48:06
8,8,2.774289,1.000000,9.99e-05,2026-01-27 18:48:06
8,9,2.905437,1.000000,9.99e-05,2026-01-27 18:48:06
8,10,2.553343,1.000000,9.99e-05,2026-01-27 18:48:06
8,11,2.217403,1.000000,9.99e-05,2026-01-27 18:48:06
8,12,3.617532,1.000000,9.99e-05,2026-01-27 18:48:06
8,13,6.757881,1.000000,9.99e-05,2026-01-27 18:48:06
8,14,3.717480,1.000000,9.99e-05,2026-01-27 18:48:06
8,15,4.633094,1.000000,9.99e-05,2026-01-27 18:48:06
8,16,2.597720,1.000000,9.99e-05,2026-01-27 18:48:06
8,17,2.778949,1.000000,9.99e-05,2026-01-27 18:48:06
8,18,1.378176,1.000000,9.99e-05,2026-01-27 18:48:06
8,19,3.387774,1.000000,9.99e-05,2026-01-27 18:48:06
8,20,3.386229,1.000000,9.99e-05,2026-01-27 18:48:06
8,21,3.590414,1.000000,9.99e-05,2026-01-27 18:48:06
8,22,2.061739,1.000000,9.99e-05,2026-01-27 18:48:06
8,23,3.205417,1.000000,9.99e-05,2026-01-27 18:48:06
8,24,4.158987,1.000000,9.99e-05,2026-01-27 18:48:06
8,25,1.793569,1.000000,9.99e-05,2026-01-27 18:48:06
8,26,3.010215,1.000000,9.99e-05,2026-01-27 18:48:06
8,27,5.674079,1.000000,9.99e-05,2026-01-27 18:48:06
8,28,1.907614,1.000000,9.99e-05,2026-01-27 18:48:06
8,29,1.455207,1.000000,9.99e-05,2026-01-27 18:48:06
9,1,3.374672,1.000000,9.98e-05,2026-01-27 18:48:09
9,2,2.416670,1.000000,9.98e-05,2026-01-27 18:48:09
9,3,1.835430,1.000000,9.98e-05,2026-01-27 18:48:09
9,4,3.935712,1.000000,9.98e-05,2026-01-27 18:48:09
9,5,1.316395,1.000000,9.98e-05,2026-01-27 18:48:09
9,6,2.205976,1.000000,9.98e-05,2026-01-27 18:48:09
9,7,5.326866,1.000000,9.98e-05,2026-01-27 18:48:09
9,8,3.543843,1.000000,9.98e-05,2026-01-27 18:48:09
9,9,3.414767,1.000000,9.98e-05,2026-01-27 18:48:09
9,10,2.027872,1.000000,9.98e-05,2026-01-27 18:48:09
9,11,2.588192,1.000000,9.98e-05,2026-01-27 18:48:09
9,12,1.822930,1.000000,9.98e-05,2026-01-27 18:48:09
9,13,1.588030,1.000000,9.98e-05,2026-01-27 18:48:09
9,14,2.131382,1.000000,9.98e-05,2026-01-27 18:48:09
9,15,2.442593,1.000000,9.98e-05,2026-01-27 18:48:09
9,16,2.688586,1.000000,9.98e-05,2026-01-27 18:48:09
9,17,1.683856,1.000000,9.98e-05,2026-01-27 18:48:09
9,18,3.240533,1.000000,9.98e-05,2026-01-27 18:48:09
9,19,3.659062,1.000000,9.98e-05,2026-01-27 18:48:09
9,20,3.107811,1.000000,9.98e-05,2026-01-27 18:48:09
9,21,2.788958,1.000000,9.98e-05,2026-01-27 18:48:09
9,22,2.654141,1.000000,9.98e-05,2026-01-27 18:48:09
9,23,2.072618,1.000000,9.98e-05,2026-01-27 18:48:09
9,24,2.018424,1.000000,9.98e-05,2026-01-27 18:48:09
9,25,1.895368,1.000000,9.98e-05,2026-01-27 18:48:09
9,26,2.103474,1.000000,9.98e-05,2026-01-27 18:48:09
9,27,5.352236,1.000000,9.98e-05,2026-01-27 18:48:09
9,28,3.548376,1.000000,9.98e-05,2026-01-27 18:48:09
9,29,6.668043,nan,9.98e-05,2026-01-27 18:48:09
10,1,2.349142,1.000000,9.98e-05,2026-01-27 18:48:12
10,2,3.665450,1.000000,9.98e-05,2026-01-27 18:48:12
10,3,3.112693,1.000000,9.98e-05,2026-01-27 18:48:12
10,4,2.728895,1.000000,9.98e-05,2026-01-27 18:48:12
10,5,2.644204,1.000000,9.98e-05,2026-01-27 18:48:12
10,6,3.870132,1.000000,9.98e-05,2026-01-27 18:48:12
10,7,1.856974,1.000000,9.98e-05,2026-01-27 18:48:12
10,8,2.167971,1.000000,9.98e-05,2026-01-27 18:48:12
10,9,3.183736,1.000000,9.98e-05,2026-01-27 18:48:12
10,10,1.340911,1.000000,9.98e-05,2026-01-27 18:48:12
10,11,2.347431,1.000000,9.98e-05,2026-01-27 18:48:12
10,12,1.652379,1.000000,9.98e-05,2026-01-27 18:48:12
10,13,1.383487,1.000000,9.98e-05,2026-01-27 18:48:13
10,14,1.732198,1.000000,9.98e-05,2026-01-27 18:48:13
10,15,2.408710,1.000000,9.98e-05,2026-01-27 18:48:13
10,16,2.909901,1.000000,9.98e-05,2026-01-27 18:48:13
10,17,2.622420,1.000000,9.98e-05,2026-01-27 18:48:13
10,18,2.151579,1.000000,9.98e-05,2026-01-27 18:48:13
10,19,0.777747,1.000000,9.98e-05,2026-01-27 18:48:13
10,20,1.145825,1.000000,9.98e-05,2026-01-27 18:48:13
10,21,1.521701,1.000000,9.98e-05,2026-01-27 18:48:13
10,22,2.267014,1.000000,9.98e-05,2026-01-27 18:48:13
10,23,1.763537,1.000000,9.98e-05,2026-01-27 18:48:13
10,24,1.375718,1.000000,9.98e-05,2026-01-27 18:48:13
10,25,2.421149,1.000000,9.98e-05,2026-01-27 18:48:13
10,26,3.895635,1.000000,9.98e-05,2026-01-27 18:48:13
10,27,4.976746,1.000000,9.98e-05,2026-01-27 18:48:13
10,28,4.169837,1.000000,9.98e-05,2026-01-27 18:48:13
10,29,6.413606,1.000000,9.98e-05,2026-01-27 18:48:13
11,1,2.523702,1.000000,9.97e-05,2026-01-27 18:48:15
11,2,2.058650,1.000000,9.97e-05,2026-01-27 18:48:15
11,3,3.777633,1.000000,9.97e-05,2026-01-27 18:48:15
11,4,1.483170,1.000000,9.97e-05,2026-01-27 18:48:15
11,5,3.678279,1.000000,9.97e-05,2026-01-27 18:48:15
11,6,0.991864,1.000000,9.97e-05,2026-01-27 18:48:15
11,7,1.577794,1.000000,9.97e-05,2026-01-27 18:48:15
11,8,0.948149,1.000000,9.97e-05,2026-01-27 18:48:15
11,9,1.140626,1.000000,9.97e-05,2026-01-27 18:48:15
11,10,4.013105,1.000000,9.97e-05,2026-01-27 18:48:16
11,11,1.695008,1.000000,9.97e-05,2026-01-27 18:48:16
11,12,2.623085,1.000000,9.97e-05,2026-01-27 18:48:16
11,13,2.419642,1.000000,9.97e-05,2026-01-27 18:48:16
11,14,2.665694,1.000000,9.97e-05,2026-01-27 18:48:16
11,15,2.461864,1.000000,9.97e-05,2026-01-27 18:48:16
11,16,3.273068,1.000000,9.97e-05,2026-01-27 18:48:16
11,17,4.616460,1.000000,9.97e-05,2026-01-27 18:48:16
11,18,1.886218,1.000000,9.97e-05,2026-01-27 18:48:16
11,19,1.991438,1.000000,9.97e-05,2026-01-27 18:48:16
11,20,1.165676,1.000000,9.97e-05,2026-01-27 18:48:16
11,21,1.431111,1.000000,9.97e-05,2026-01-27 18:48:16
11,22,2.735659,1.000000,9.97e-05,2026-01-27 18:48:16
11,23,1.675916,1.000000,9.97e-05,2026-01-27 18:48:16
11,24,2.098120,1.000000,9.97e-05,2026-01-27 18:48:16
11,25,2.141784,1.000000,9.97e-05,2026-01-27 18:48:16
11,26,2.327405,1.000000,9.97e-05,2026-01-27 18:48:16
11,27,1.353199,1.000000,9.97e-05,2026-01-27 18:48:16
11,28,2.615323,1.000000,9.97e-05,2026-01-27 18:48:16
11,29,1.981117,1.000000,9.97e-05,2026-01-27 18:48:16
12,1,2.275190,1.000000,9.97e-05,2026-01-27 18:48:19
12,2,2.379563,1.000000,9.97e-05,2026-01-27 18:48:19
12,3,3.334620,1.000000,9.97e-05,2026-01-27 18:48:19
12,4,1.150850,1.000000,9.97e-05,2026-01-27 18:48:19
12,5,1.387311,1.000000,9.97e-05,2026-01-27 18:48:19
12,6,2.940330,1.000000,9.97e-05,2026-01-27 18:48:19
12,7,0.961475,1.000000,9.97e-05,2026-01-27 18:48:19
12,8,1.747571,1.000000,9.97e-05,2026-01-27 18:48:19
12,9,2.358837,1.000000,9.97e-05,2026-01-27 18:48:19
12,10,4.349141,1.000000,9.97e-05,2026-01-27 18:48:19
12,11,1.176602,1.000000,9.97e-05,2026-01-27 18:48:19
12,12,1.723304,1.000000,9.97e-05,2026-01-27 18:48:19
12,13,2.553068,1.000000,9.97e-05,2026-01-27 18:48:19
12,14,1.967149,1.000000,9.97e-05,2026-01-27 18:48:19
12,15,2.246226,1.000000,9.97e-05,2026-01-27 18:48:19
12,16,2.333944,1.000000,9.97e-05,2026-01-27 18:48:19
12,17,1.614475,1.000000,9.97e-05,2026-01-27 18:48:19
12,18,1.766626,1.000000,9.97e-05,2026-01-27 18:48:19
12,19,1.759796,1.000000,9.97e-05,2026-01-27 18:48:19
12,20,1.782110,1.000000,9.97e-05,2026-01-27 18:48:19
12,21,2.365644,1.000000,9.97e-05,2026-01-27 18:48:19
12,22,2.531149,1.000000,9.97e-05,2026-01-27 18:48:19
12,23,1.933731,1.000000,9.97e-05,2026-01-27 18:48:19
12,24,1.674582,1.000000,9.97e-05,2026-01-27 18:48:19
12,25,2.740289,1.000000,9.97e-05,2026-01-27 18:48:19
12,26,2.574364,1.000000,9.97e-05,2026-01-27 18:48:19
12,27,1.684329,1.000000,9.97e-05,2026-01-27 18:48:19
12,28,1.773775,1.000000,9.97e-05,2026-01-27 18:48:19
12,29,2.314278,1.000000,9.97e-05,2026-01-27 18:48:19
13,1,1.294842,1.000000,9.96e-05,2026-01-27 18:48:22
13,2,2.269065,1.000000,9.96e-05,2026-01-27 18:48:22
13,3,1.399744,1.000000,9.96e-05,2026-01-27 18:48:22
13,4,1.886941,1.000000,9.96e-05,2026-01-27 18:48:22
13,5,2.040518,1.000000,9.96e-05,2026-01-27 18:48:22
13,6,2.139296,1.000000,9.96e-05,2026-01-27 18:48:22
13,7,2.352998,1.000000,9.96e-05,2026-01-27 18:48:22
13,8,1.747930,1.000000,9.96e-05,2026-01-27 18:48:22
13,9,2.458140,1.000000,9.96e-05,2026-01-27 18:48:22
13,10,1.915260,1.000000,9.96e-05,2026-01-27 18:48:22
13,11,1.790557,1.000000,9.96e-05,2026-01-27 18:48:22
13,12,3.689768,1.000000,9.96e-05,2026-01-27 18:48:22
13,13,2.913956,1.000000,9.96e-05,2026-01-27 18:48:22
13,14,1.642931,1.000000,9.96e-05,2026-01-27 18:48:22
13,15,2.412114,1.000000,9.96e-05,2026-01-27 18:48:22
13,16,1.801759,1.000000,9.96e-05,2026-01-27 18:48:22
13,17,1.397151,1.000000,9.96e-05,2026-01-27 18:48:22
13,18,1.790818,1.000000,9.96e-05,2026-01-27 18:48:22
13,19,3.819243,1.000000,9.96e-05,2026-01-27 18:48:22
13,20,1.897196,1.000000,9.96e-05,2026-01-27 18:48:22
13,21,4.148058,1.000000,9.96e-05,2026-01-27 18:48:22
13,22,1.314088,1.000000,9.96e-05,2026-01-27 18:48:22
13,23,3.960180,1.000000,9.96e-05,2026-01-27 18:48:22
13,24,1.862005,1.000000,9.96e-05,2026-01-27 18:48:23
13,25,3.324074,1.000000,9.96e-05,2026-01-27 18:48:23
13,26,2.674099,1.000000,9.96e-05,2026-01-27 18:48:23
13,27,2.268750,1.000000,9.96e-05,2026-01-27 18:48:23
13,28,2.155040,1.000000,9.96e-05,2026-01-27 18:48:23
13,29,6.229797,1.000000,9.96e-05,2026-01-27 18:48:23
14,1,3.182596,1.000000,9.95e-05,2026-01-27 18:48:25
14,2,4.160147,1.000000,9.95e-05,2026-01-27 18:48:25
14,3,2.087706,1.000000,9.95e-05,2026-01-27 18:48:25
14,4,2.630842,1.000000,9.95e-05,2026-01-27 18:48:25
14,5,1.584108,1.000000,9.95e-05,2026-01-27 18:48:25
14,6,2.410096,1.000000,9.95e-05,2026-01-27 18:48:25
14,7,3.479017,1.000000,9.95e-05,2026-01-27 18:48:25
14,8,2.676189,1.000000,9.95e-05,2026-01-27 18:48:25
14,9,1.323915,1.000000,9.95e-05,2026-01-27 18:48:25
14,10,2.485645,1.000000,9.95e-05,2026-01-27 18:48:25
14,11,1.911865,1.000000,9.95e-05,2026-01-27 18:48:25
14,12,1.698309,1.000000,9.95e-05,2026-01-27 18:48:25
14,13,2.404440,1.000000,9.95e-05,2026-01-27 18:48:25
14,14,1.599992,1.000000,9.95e-05,2026-01-27 18:48:25
14,15,2.795208,1.000000,9.95e-05,2026-01-27 18:48:26
14,16,1.724621,1.000000,9.95e-05,2026-01-27 18:48:26
14,17,1.995933,1.000000,9.95e-05,2026-01-27 18:48:26
14,18,1.514852,1.000000,9.95e-05,2026-01-27 18:48:26
14,19,1.731670,1.000000,9.95e-05,2026-01-27 18:48:26
14,20,1.644263,1.000000,9.95e-05,2026-01-27 18:48:26
14,21,4.212301,1.000000,9.95e-05,2026-01-27 18:48:26
14,22,1.589910,1.000000,9.95e-05,2026-01-27 18:48:26
14,23,0.932062,1.000000,9.95e-05,2026-01-27 18:48:26
14,24,1.468753,1.000000,9.95e-05,2026-01-27 18:48:26
14,25,3.968386,1.000000,9.95e-05,2026-01-27 18:48:26
14,26,1.177954,1.000000,9.95e-05,2026-01-27 18:48:26
14,27,2.354643,1.000000,9.95e-05,2026-01-27 18:48:26
14,28,2.132940,1.000000,9.95e-05,2026-01-27 18:48:26
14,29,2.411772,1.000000,9.95e-05,2026-01-27 18:48:26
15,1,1.124378,1.000000,9.95e-05,2026-01-27 18:48:28
15,2,0.730043,1.000000,9.95e-05,2026-01-27 18:48:28
15,3,1.058601,1.000000,9.95e-05,2026-01-27 18:48:28
15,4,1.279521,1.000000,9.95e-05,2026-01-27 18:48:28
15,5,1.006326,1.000000,9.95e-05,2026-01-27 18:48:28
15,6,2.531696,1.000000,9.95e-05,2026-01-27 18:48:28
15,7,1.401179,1.000000,9.95e-05,2026-01-27 18:48:28
15,8,2.068474,1.000000,9.95e-05,2026-01-27 18:48:28
15,9,2.161128,1.000000,9.95e-05,2026-01-27 18:48:29
15,10,1.495835,1.000000,9.95e-05,2026-01-27 18:48:29
15,11,2.041639,1.000000,9.95e-05,2026-01-27 18:48:29
15,12,0.852074,1.000000,9.95e-05,2026-01-27 18:48:29
15,13,3.395337,1.000000,9.95e-05,2026-01-27 18:48:29
15,14,2.283238,1.000000,9.95e-05,2026-01-27 18:48:29
15,15,1.720046,1.000000,9.95e-05,2026-01-27 18:48:29
15,16,1.099250,1.000000,9.95e-05,2026-01-27 18:48:29
15,17,1.079152,1.000000,9.95e-05,2026-01-27 18:48:29
15,18,1.020093,1.000000,9.95e-05,2026-01-27 18:48:29
15,19,2.057652,1.000000,9.95e-05,2026-01-27 18:48:29
15,20,1.712667,1.000000,9.95e-05,2026-01-27 18:48:29
15,21,1.737727,1.000000,9.95e-05,2026-01-27 18:48:29
15,22,1.526343,1.000000,9.95e-05,2026-01-27 18:48:29
15,23,1.679117,1.000000,9.95e-05,2026-01-27 18:48:29
15,24,2.942061,1.000000,9.95e-05,2026-01-27 18:48:29
15,25,1.040160,1.000000,9.95e-05,2026-01-27 18:48:29
15,26,1.080884,1.000000,9.95e-05,2026-01-27 18:48:29
15,27,1.334975,1.000000,9.95e-05,2026-01-27 18:48:29
15,28,1.745438,1.000000,9.95e-05,2026-01-27 18:48:29
15,29,1.571422,1.000000,9.95e-05,2026-01-27 18:48:29
16,1,1.954649,1.000000,9.94e-05,2026-01-27 18:48:31
16,2,1.320921,1.000000,9.94e-05,2026-01-27 18:48:31
16,3,1.723641,1.000000,9.94e-05,2026-01-27 18:48:31
16,4,1.409305,1.000000,9.94e-05,2026-01-27 18:48:31
16,5,1.296772,1.000000,9.94e-05,2026-01-27 18:48:31
16,6,1.246857,1.000000,9.94e-05,2026-01-27 18:48:31
16,7,2.226723,1.000000,9.94e-05,2026-01-27 18:48:32
16,8,0.998605,1.000000,9.94e-05,2026-01-27 18:48:32
16,9,1.427548,1.000000,9.94e-05,2026-01-27 18:48:32
16,10,1.931071,1.000000,9.94e-05,2026-01-27 18:48:32
16,11,2.494031,1.000000,9.94e-05,2026-01-27 18:48:32
16,12,2.835307,1.000000,9.94e-05,2026-01-27 18:48:32
16,13,0.999858,1.000000,9.94e-05,2026-01-27 18:48:32
16,14,2.307756,1.000000,9.94e-05,2026-01-27 18:48:32
16,15,1.378339,1.000000,9.94e-05,2026-01-27 18:48:32
16,16,2.308912,1.000000,9.94e-05,2026-01-27 18:48:32
16,17,3.041526,1.000000,9.94e-05,2026-01-27 18:48:32
16,18,3.232054,1.000000,9.94e-05,2026-01-27 18:48:32
16,19,1.828777,1.000000,9.94e-05,2026-01-27 18:48:32
16,20,1.261486,1.000000,9.94e-05,2026-01-27 18:48:32
16,21,1.453122,1.000000,9.94e-05,2026-01-27 18:48:32
16,22,1.754346,1.000000,9.94e-05,2026-01-27 18:48:32
16,23,2.054260,1.000000,9.94e-05,2026-01-27 18:48:32
16,24,1.793639,1.000000,9.94e-05,2026-01-27 18:48:32
16,25,1.446901,1.000000,9.94e-05,2026-01-27 18:48:32
16,26,1.570583,1.000000,9.94e-05,2026-01-27 18:48:32
16,27,1.998430,1.000000,9.94e-05,2026-01-27 18:48:32
16,28,2.840326,1.000000,9.94e-05,2026-01-27 18:48:32
16,29,1.692934,1.000000,9.94e-05,2026-01-27 18:48:32
17,1,1.603834,1.000000,9.93e-05,2026-01-27 18:48:34
17,2,1.272709,1.000000,9.93e-05,2026-01-27 18:48:35
17,3,2.561622,1.000000,9.93e-05,2026-01-27 18:48:35
17,4,1.866424,1.000000,9.93e-05,2026-01-27 18:48:35
17,5,1.582741,1.000000,9.93e-05,2026-01-27 18:48:35
17,6,1.212934,1.000000,9.93e-05,2026-01-27 18:48:35
17,7,1.609825,1.000000,9.93e-05,2026-01-27 18:48:35
17,8,2.305471,1.000000,9.93e-05,2026-01-27 18:48:35
17,9,1.471691,1.000000,9.93e-05,2026-01-27 18:48:35
17,10,1.907935,1.000000,9.93e-05,2026-01-27 18:48:35
17,11,2.531460,1.000000,9.93e-05,2026-01-27 18:48:35
17,12,1.296074,1.000000,9.93e-05,2026-01-27 18:48:35
17,13,2.731894,1.000000,9.93e-05,2026-01-27 18:48:35
17,14,1.354467,1.000000,9.93e-05,2026-01-27 18:48:35
17,15,1.464803,1.000000,9.93e-05,2026-01-27 18:48:35
17,16,1.824858,1.000000,9.93e-05,2026-01-27 18:48:35
17,17,1.712292,1.000000,9.93e-05,2026-01-27 18:48:35
17,18,1.815394,1.000000,9.93e-05,2026-01-27 18:48:35
17,19,2.172497,1.000000,9.93e-05,2026-01-27 18:48:35
17,20,2.662309,1.000000,9.93e-05,2026-01-27 18:48:35
17,21,2.128561,1.000000,9.93e-05,2026-01-27 18:48:35
17,22,2.069435,1.000000,9.93e-05,2026-01-27 18:48:35
17,23,1.663452,1.000000,9.93e-05,2026-01-27 18:48:35
17,24,1.621920,1.000000,9.93e-05,2026-01-27 18:48:35
17,25,2.028145,1.000000,9.93e-05,2026-01-27 18:48:35
17,26,1.017181,1.000000,9.93e-05,2026-01-27 18:48:35
17,27,1.762844,1.000000,9.93e-05,2026-01-27 18:48:35
17,28,1.751208,1.000000,9.93e-05,2026-01-27 18:48:35
17,29,1.586020,1.000000,9.93e-05,2026-01-27 18:48:35
18,1,3.078190,1.000000,9.92e-05,2026-01-27 18:48:38
18,2,2.206640,1.000000,9.92e-05,2026-01-27 18:48:38
18,3,1.241558,1.000000,9.92e-05,2026-01-27 18:48:38
18,4,1.405944,1.000000,9.92e-05,2026-01-27 18:48:38
18,5,2.415205,1.000000,9.92e-05,2026-01-27 18:48:38
18,6,2.681578,1.000000,9.92e-05,2026-01-27 18:48:38
18,7,1.544352,1.000000,9.92e-05,2026-01-27 18:48:38
18,8,2.624808,1.000000,9.92e-05,2026-01-27 18:48:38
18,9,1.606691,1.000000,9.92e-05,2026-01-27 18:48:38
18,10,0.875443,1.000000,9.92e-05,2026-01-27 18:48:38
18,11,3.136608,1.000000,9.92e-05,2026-01-27 18:48:38
18,12,1.619726,1.000000,9.92e-05,2026-01-27 18:48:38
18,13,1.298856,1.000000,9.92e-05,2026-01-27 18:48:38
18,14,1.040420,1.000000,9.92e-05,2026-01-27 18:48:38
18,15,1.317091,1.000000,9.92e-05,2026-01-27 18:48:38
18,16,4.536804,1.000000,9.92e-05,2026-01-27 18:48:38
18,17,1.985865,1.000000,9.92e-05,2026-01-27 18:48:38
18,18,1.443994,1.000000,9.92e-05,2026-01-27 18:48:39
18,19,1.602939,1.000000,9.92e-05,2026-01-27 18:48:39
18,20,1.873214,1.000000,9.92e-05,2026-01-27 18:48:39
18,21,2.105649,1.000000,9.92e-05,2026-01-27 18:48:39
18,22,1.602902,1.000000,9.92e-05,2026-01-27 18:48:39
18,23,1.386030,1.000000,9.92e-05,2026-01-27 18:48:39
18,24,3.740328,1.000000,9.92e-05,2026-01-27 18:48:39
18,25,1.092829,1.000000,9.92e-05,2026-01-27 18:48:39
18,26,3.843877,1.000000,9.92e-05,2026-01-27 18:48:39
18,27,1.509978,1.000000,9.92e-05,2026-01-27 18:48:39
18,28,1.448176,1.000000,9.92e-05,2026-01-27 18:48:39
18,29,1.935410,1.000000,9.92e-05,2026-01-27 18:48:39
19,1,2.606634,1.000000,9.91e-05,2026-01-27 18:48:41
19,2,0.993554,1.000000,9.91e-05,2026-01-27 18:48:41
19,3,1.675353,1.000000,9.91e-05,2026-01-27 18:48:41
19,4,1.964549,1.000000,9.91e-05,2026-01-27 18:48:41
19,5,5.418147,1.000000,9.91e-05,2026-01-27 18:48:41
19,6,2.163593,1.000000,9.91e-05,2026-01-27 18:48:41
19,7,1.471209,1.000000,9.91e-05,2026-01-27 18:48:41
19,8,1.691985,1.000000,9.91e-05,2026-01-27 18:48:41
19,9,1.043900,1.000000,9.91e-05,2026-01-27 18:48:41
19,10,1.466051,1.000000,9.91e-05,2026-01-27 18:48:41
19,11,2.385818,1.000000,9.91e-05,2026-01-27 18:48:41
19,12,1.532059,1.000000,9.91e-05,2026-01-27 18:48:41
19,13,0.661794,1.000000,9.91e-05,2026-01-27 18:48:42
19,14,1.879251,1.000000,9.91e-05,2026-01-27 18:48:42
19,15,2.230884,1.000000,9.91e-05,2026-01-27 18:48:42
19,16,5.098481,1.000000,9.91e-05,2026-01-27 18:48:42
19,17,0.993655,1.000000,9.91e-05,2026-01-27 18:48:42
19,18,1.838760,1.000000,9.91e-05,2026-01-27 18:48:42
19,19,1.473275,1.000000,9.91e-05,2026-01-27 18:48:42
19,20,2.066034,1.000000,9.91e-05,2026-01-27 18:48:42
19,21,1.806677,1.000000,9.91e-05,2026-01-27 18:48:42
19,22,2.171803,1.000000,9.91e-05,2026-01-27 18:48:42
19,23,1.929216,1.000000,9.91e-05,2026-01-27 18:48:42
19,24,0.660979,1.000000,9.91e-05,2026-01-27 18:48:42
19,25,3.291609,1.000000,9.91e-05,2026-01-27 18:48:42
19,26,0.903491,1.000000,9.91e-05,2026-01-27 18:48:42
19,27,1.338541,1.000000,9.91e-05,2026-01-27 18:48:42
19,28,0.769912,1.000000,9.91e-05,2026-01-27 18:48:42
19,29,2.309972,1.000000,9.91e-05,2026-01-27 18:48:42
20,1,1.084282,1.000000,9.90e-05,2026-01-27 18:48:44
20,2,2.768896,1.000000,9.90e-05,2026-01-27 18:48:44
20,3,1.006305,1.000000,9.90e-05,2026-01-27 18:48:45
20,4,1.197540,1.000000,9.90e-05,2026-01-27 18:48:45
20,5,0.959519,1.000000,9.90e-05,2026-01-27 18:48:45
20,6,2.864916,1.000000,9.90e-05,2026-01-27 18:48:45
20,7,1.643198,1.000000,9.90e-05,2026-01-27 18:48:45
20,8,1.713189,1.000000,9.90e-05,2026-01-27 18:48:45
20,9,1.283824,1.000000,9.90e-05,2026-01-27 18:48:45
20,10,1.867916,1.000000,9.90e-05,2026-01-27 18:48:45
20,11,1.511492,1.000000,9.90e-05,2026-01-27 18:48:45
20,12,1.395244,1.000000,9.90e-05,2026-01-27 18:48:45
20,13,1.709750,1.000000,9.90e-05,2026-01-27 18:48:45
20,14,2.189758,1.000000,9.90e-05,2026-01-27 18:48:45
20,15,1.924110,1.000000,9.90e-05,2026-01-27 18:48:45
20,16,1.482793,1.000000,9.90e-05,2026-01-27 18:48:45
20,17,1.355626,1.000000,9.90e-05,2026-01-27 18:48:45
20,18,1.134584,1.000000,9.90e-05,2026-01-27 18:48:45
20,19,0.799921,1.000000,9.90e-05,2026-01-27 18:48:45
20,20,4.252502,1.000000,9.90e-05,2026-01-27 18:48:45
20,21,2.249313,1.000000,9.90e-05,2026-01-27 18:48:45
20,22,1.571089,1.000000,9.90e-05,2026-01-27 18:48:45
20,23,0.933685,1.000000,9.90e-05,2026-01-27 18:48:45
20,24,3.698994,1.000000,9.90e-05,2026-01-27 18:48:45
20,25,1.643550,1.000000,9.90e-05,2026-01-27 18:48:45
20,26,1.328012,1.000000,9.90e-05,2026-01-27 18:48:45
20,27,4.307040,1.000000,9.90e-05,2026-01-27 18:48:45
20,28,1.597003,1.000000,9.90e-05,2026-01-27 18:48:45
20,29,0.577280,1.000000,9.90e-05,2026-01-27 18:48:45
21,1,2.427548,1.000000,9.89e-05,2026-01-27 18:48:48
21,2,1.828570,1.000000,9.89e-05,2026-01-27 18:48:48
21,3,1.972602,1.000000,9.89e-05,2026-01-27 18:48:48
21,4,1.915482,1.000000,9.89e-05,2026-01-27 18:48:48
21,5,1.631329,1.000000,9.89e-05,2026-01-27 18:48:48
21,6,1.774958,1.000000,9.89e-05,2026-01-27 18:48:48
21,7,1.092097,1.000000,9.89e-05,2026-01-27 18:48:48
21,8,1.864378,1.000000,9.89e-05,2026-01-27 18:48:48
21,9,0.952928,1.000000,9.89e-05,2026-01-27 18:48:48
21,10,1.254361,1.000000,9.89e-05,2026-01-27 18:48:48
21,11,0.693874,1.000000,9.89e-05,2026-01-27 18:48:48
21,12,1.166277,1.000000,9.89e-05,2026-01-27 18:48:48
21,13,1.307098,1.000000,9.89e-05,2026-01-27 18:48:48
21,14,1.668761,1.000000,9.89e-05,2026-01-27 18:48:48
21,15,1.778593,1.000000,9.89e-05,2026-01-27 18:48:48
21,16,1.166225,1.000000,9.89e-05,2026-01-27 18:48:48
21,17,1.274968,1.000000,9.89e-05,2026-01-27 18:48:48
21,18,1.638467,1.000000,9.89e-05,2026-01-27 18:48:48
21,19,1.246750,1.000000,9.89e-05,2026-01-27 18:48:48
21,20,0.914455,1.000000,9.89e-05,2026-01-27 18:48:48
21,21,0.787564,1.000000,9.89e-05,2026-01-27 18:48:48
21,22,1.657333,1.000000,9.89e-05,2026-01-27 18:48:48
21,23,1.135896,1.000000,9.89e-05,2026-01-27 18:48:48
21,24,1.176666,1.000000,9.89e-05,2026-01-27 18:48:48
21,25,1.979869,1.000000,9.89e-05,2026-01-27 18:48:48
21,26,1.413870,1.000000,9.89e-05,2026-01-27 18:48:48
21,27,2.063151,1.000000,9.89e-05,2026-01-27 18:48:49
21,28,1.028592,1.000000,9.89e-05,2026-01-27 18:48:49
21,29,0.417717,1.000000,9.89e-05,2026-01-27 18:48:49
22,1,1.292067,1.000000,9.88e-05,2026-01-27 18:48:51
22,2,1.398839,1.000000,9.88e-05,2026-01-27 18:48:51
22,3,1.442953,1.000000,9.88e-05,2026-01-27 18:48:51
22,4,1.046373,1.000000,9.88e-05,2026-01-27 18:48:51
22,5,1.794551,1.000000,9.88e-05,2026-01-27 18:48:51
22,6,1.462266,1.000000,9.88e-05,2026-01-27 18:48:51
22,7,1.074723,1.000000,9.88e-05,2026-01-27 18:48:51
22,8,2.393335,1.000000,9.88e-05,2026-01-27 18:48:51
22,9,1.959070,1.000000,9.88e-05,2026-01-27 18:48:51
22,10,1.243101,1.000000,9.88e-05,2026-01-27 18:48:51
22,11,1.213612,1.000000,9.88e-05,2026-01-27 18:48:51
22,12,1.372736,1.000000,9.88e-05,2026-01-27 18:48:51
22,13,1.481975,1.000000,9.88e-05,2026-01-27 18:48:52
22,14,1.822383,1.000000,9.88e-05,2026-01-27 18:48:52
22,15,1.129475,1.000000,9.88e-05,2026-01-27 18:48:52
22,16,1.468643,1.000000,9.88e-05,2026-01-27 18:48:52
22,17,1.989275,1.000000,9.88e-05,2026-01-27 18:48:52
22,18,1.430544,1.000000,9.88e-05,2026-01-27 18:48:52
22,19,0.953468,1.000000,9.88e-05,2026-01-27 18:48:52
22,20,2.031757,1.000000,9.88e-05,2026-01-27 18:48:52
22,21,1.904460,1.000000,9.88e-05,2026-01-27 18:48:52
22,22,1.275124,1.000000,9.88e-05,2026-01-27 18:48:52
22,23,1.480363,1.000000,9.88e-05,2026-01-27 18:48:52
22,24,1.365158,1.000000,9.88e-05,2026-01-27 18:48:52
22,25,1.725651,1.000000,9.88e-05,2026-01-27 18:48:52
22,26,1.247904,1.000000,9.88e-05,2026-01-27 18:48:52
22,27,2.080525,1.000000,9.88e-05,2026-01-27 18:48:52
22,28,0.947229,1.000000,9.88e-05,2026-01-27 18:48:52
22,29,0.834043,1.000000,9.88e-05,2026-01-27 18:48:52
23,1,0.938879,1.000000,9.87e-05,2026-01-27 18:48:54
23,2,1.078559,1.000000,9.87e-05,2026-01-27 18:48:54
23,3,5.288328,1.000000,9.87e-05,2026-01-27 18:48:54
23,4,2.869967,1.000000,9.87e-05,2026-01-27 18:48:54
23,5,1.352775,1.000000,9.87e-05,2026-01-27 18:48:54
23,6,2.907155,1.000000,9.87e-05,2026-01-27 18:48:54
23,7,2.844078,1.000000,9.87e-05,2026-01-27 18:48:54
23,8,1.750554,1.000000,9.87e-05,2026-01-27 18:48:55
23,9,1.315127,1.000000,9.87e-05,2026-01-27 18:48:55
23,10,1.277719,1.000000,9.87e-05,2026-01-27 18:48:55
23,11,2.067692,1.000000,9.87e-05,2026-01-27 18:48:55
23,12,1.977822,1.000000,9.87e-05,2026-01-27 18:48:55
23,13,1.504164,1.000000,9.87e-05,2026-01-27 18:48:55
23,14,0.902691,1.000000,9.87e-05,2026-01-27 18:48:55
23,15,2.851466,1.000000,9.87e-05,2026-01-27 18:48:55
23,16,2.200290,1.000000,9.87e-05,2026-01-27 18:48:55
23,17,1.053228,1.000000,9.87e-05,2026-01-27 18:48:55
23,18,1.763394,1.000000,9.87e-05,2026-01-27 18:48:55
23,19,1.826649,1.000000,9.87e-05,2026-01-27 18:48:55
23,20,2.947820,1.000000,9.87e-05,2026-01-27 18:48:55
23,21,1.950048,1.000000,9.87e-05,2026-01-27 18:48:55
23,22,1.144865,1.000000,9.87e-05,2026-01-27 18:48:55
23,23,2.056351,1.000000,9.87e-05,2026-01-27 18:48:55
23,24,2.135888,1.000000,9.87e-05,2026-01-27 18:48:55
23,25,1.075435,1.000000,9.87e-05,2026-01-27 18:48:55
23,26,1.300385,1.000000,9.87e-05,2026-01-27 18:48:55
23,27,3.345404,1.000000,9.87e-05,2026-01-27 18:48:55
23,28,0.956824,1.000000,9.87e-05,2026-01-27 18:48:55
23,29,3.014642,1.000000,9.87e-05,2026-01-27 18:48:55
24,1,1.453754,1.000000,9.86e-05,2026-01-27 18:48:58
24,2,2.051208,1.000000,9.86e-05,2026-01-27 18:48:58
24,3,1.224465,1.000000,9.86e-05,2026-01-27 18:48:58
24,4,1.140955,1.000000,9.86e-05,2026-01-27 18:48:58
24,5,1.629489,1.000000,9.86e-05,2026-01-27 18:48:58
24,6,0.850328,1.000000,9.86e-05,2026-01-27 18:48:58
24,7,1.346164,1.000000,9.86e-05,2026-01-27 18:48:58
24,8,1.450903,1.000000,9.86e-05,2026-01-27 18:48:58
24,9,1.258926,1.000000,9.86e-05,2026-01-27 18:48:58
24,10,1.314515,1.000000,9.86e-05,2026-01-27 18:48:58
24,11,1.421767,1.000000,9.86e-05,2026-01-27 18:48:58
24,12,1.071390,1.000000,9.86e-05,2026-01-27 18:48:58
24,13,1.288881,1.000000,9.86e-05,2026-01-27 18:48:58
24,14,0.970271,1.000000,9.86e-05,2026-01-27 18:48:58
24,15,2.567414,1.000000,9.86e-05,2026-01-27 18:48:58
24,16,1.399711,1.000000,9.86e-05,2026-01-27 18:48:58
24,17,1.179648,1.000000,9.86e-05,2026-01-27 18:48:58
24,18,1.400577,1.000000,9.86e-05,2026-01-27 18:48:58
24,19,2.085512,1.000000,9.86e-05,2026-01-27 18:48:58
24,20,1.303975,1.000000,9.86e-05,2026-01-27 18:48:58
24,21,1.240552,1.000000,9.86e-05,2026-01-27 18:48:58
24,22,1.422253,1.000000,9.86e-05,2026-01-27 18:48:58
24,23,1.217181,1.000000,9.86e-05,2026-01-27 18:48:59
24,24,1.454827,1.000000,9.86e-05,2026-01-27 18:48:59
24,25,1.361423,1.000000,9.86e-05,2026-01-27 18:48:59
24,26,1.877226,1.000000,9.86e-05,2026-01-27 18:48:59
24,27,2.844647,1.000000,9.86e-05,2026-01-27 18:48:59
24,28,1.359657,1.000000,9.86e-05,2026-01-27 18:48:59
24,29,0.752393,1.000000,9.86e-05,2026-01-27 18:48:59
25,1,1.028144,1.000000,9.84e-05,2026-01-27 18:49:01
25,2,2.921079,1.000000,9.84e-05,2026-01-27 18:49:01
25,3,1.556963,1.000000,9.84e-05,2026-01-27 18:49:01
25,4,2.663543,1.000000,9.84e-05,2026-01-27 18:49:01
25,5,1.438853,1.000000,9.84e-05,2026-01-27 18:49:01
25,6,2.285618,1.000000,9.84e-05,2026-01-27 18:49:01
25,7,1.210128,1.000000,9.84e-05,2026-01-27 18:49:01
25,8,1.474912,1.000000,9.84e-05,2026-01-27 18:49:01
25,9,0.748418,1.000000,9.84e-05,2026-01-27 18:49:01
25,10,1.107991,1.000000,9.84e-05,2026-01-27 18:49:01
25,11,1.717433,1.000000,9.84e-05,2026-01-27 18:49:01
25,12,1.224312,1.000000,9.84e-05,2026-01-27 18:49:02
25,13,1.944541,1.000000,9.84e-05,2026-01-27 18:49:02
25,14,2.512360,1.000000,9.84e-05,2026-01-27 18:49:02
25,15,1.743697,1.000000,9.84e-05,2026-01-27 18:49:02
25,16,2.551911,1.000000,9.84e-05,2026-01-27 18:49:02
25,17,0.969965,1.000000,9.84e-05,2026-01-27 18:49:02
25,18,1.169941,1.000000,9.84e-05,2026-01-27 18:49:02
25,19,2.241472,1.000000,9.84e-05,2026-01-27 18:49:02
25,20,0.902652,1.000000,9.84e-05,2026-01-27 18:49:02
25,21,1.033464,1.000000,9.84e-05,2026-01-27 18:49:02
25,22,0.507186,1.000000,9.84e-05,2026-01-27 18:49:02
25,23,2.208796,1.000000,9.84e-05,2026-01-27 18:49:02
25,24,3.662516,1.000000,9.84e-05,2026-01-27 18:49:02
25,25,1.287932,1.000000,9.84e-05,2026-01-27 18:49:02
25,26,0.854454,1.000000,9.84e-05,2026-01-27 18:49:02
25,27,1.529572,1.000000,9.84e-05,2026-01-27 18:49:02
25,28,1.237823,1.000000,9.84e-05,2026-01-27 18:49:02
25,29,0.598570,1.000000,9.84e-05,2026-01-27 18:49:02
26,1,1.389268,1.000000,9.83e-05,2026-01-27 18:49:05
26,2,1.914789,1.000000,9.83e-05,2026-01-27 18:49:05
26,3,1.918753,1.000000,9.83e-05,2026-01-27 18:49:05
26,4,1.226712,1.000000,9.83e-05,2026-01-27 18:49:05
26,5,0.739120,1.000000,9.83e-05,2026-01-27 18:49:05
26,6,1.043598,1.000000,9.83e-05,2026-01-27 18:49:05
26,7,1.343466,1.000000,9.83e-05,2026-01-27 18:49:06
26,8,1.835678,1.000000,9.83e-05,2026-01-27 18:49:06
26,9,1.675052,1.000000,9.83e-05,2026-01-27 18:49:06
26,10,1.336554,1.000000,9.83e-05,2026-01-27 18:49:06
26,11,1.700948,1.000000,9.83e-05,2026-01-27 18:49:06
26,12,1.450721,1.000000,9.83e-05,2026-01-27 18:49:06
26,13,1.691056,1.000000,9.83e-05,2026-01-27 18:49:06
26,14,1.338034,1.000000,9.83e-05,2026-01-27 18:49:06
26,15,1.377863,1.000000,9.83e-05,2026-01-27 18:49:06
26,16,0.746817,1.000000,9.83e-05,2026-01-27 18:49:06
26,17,1.712261,1.000000,9.83e-05,2026-01-27 18:49:06
26,18,2.508517,1.000000,9.83e-05,2026-01-27 18:49:06
26,19,1.902864,1.000000,9.83e-05,2026-01-27 18:49:06
26,20,0.899371,1.000000,9.83e-05,2026-01-27 18:49:06
26,21,1.087272,1.000000,9.83e-05,2026-01-27 18:49:06
26,22,1.081667,1.000000,9.83e-05,2026-01-27 18:49:06
26,23,2.080432,1.000000,9.83e-05,2026-01-27 18:49:06
26,24,2.597364,1.000000,9.83e-05,2026-01-27 18:49:06
26,25,1.581334,1.000000,9.83e-05,2026-01-27 18:49:06
26,26,2.461645,1.000000,9.83e-05,2026-01-27 18:49:06
26,27,0.850049,1.000000,9.83e-05,2026-01-27 18:49:06
26,28,0.748542,1.000000,9.83e-05,2026-01-27 18:49:06
26,29,0.743236,1.000000,9.83e-05,2026-01-27 18:49:06
27,1,1.049900,1.000000,9.82e-05,2026-01-27 18:49:09
27,2,0.759567,1.000000,9.82e-05,2026-01-27 18:49:09
27,3,1.112384,1.000000,9.82e-05,2026-01-27 18:49:09
27,4,1.412004,1.000000,9.82e-05,2026-01-27 18:49:09
27,5,1.073257,1.000000,9.82e-05,2026-01-27 18:49:09
27,6,1.263457,1.000000,9.82e-05,2026-01-27 18:49:09
27,7,0.878281,1.000000,9.82e-05,2026-01-27 18:49:09
27,8,0.789922,1.000000,9.82e-05,2026-01-27 18:49:09
27,9,2.576990,1.000000,9.82e-05,2026-01-27 18:49:09
27,10,1.144055,1.000000,9.82e-05,2026-01-27 18:49:09
27,11,1.595525,1.000000,9.82e-05,2026-01-27 18:49:09
27,12,1.365925,1.000000,9.82e-05,2026-01-27 18:49:09
27,13,1.847075,1.000000,9.82e-05,2026-01-27 18:49:09
27,14,0.954252,1.000000,9.82e-05,2026-01-27 18:49:10
27,15,0.635617,1.000000,9.82e-05,2026-01-27 18:49:10
27,16,3.349903,1.000000,9.82e-05,2026-01-27 18:49:10
27,17,0.920929,1.000000,9.82e-05,2026-01-27 18:49:10
27,18,0.889367,1.000000,9.82e-05,2026-01-27 18:49:10
27,19,1.025207,1.000000,9.82e-05,2026-01-27 18:49:10
27,20,2.129764,1.000000,9.82e-05,2026-01-27 18:49:10
27,21,1.062308,1.000000,9.82e-05,2026-01-27 18:49:10
27,22,1.567895,1.000000,9.82e-05,2026-01-27 18:49:10
27,23,1.046498,1.000000,9.82e-05,2026-01-27 18:49:10
27,24,2.156459,1.000000,9.82e-05,2026-01-27 18:49:10
27,25,1.011155,1.000000,9.82e-05,2026-01-27 18:49:10
27,26,1.917278,1.000000,9.82e-05,2026-01-27 18:49:10
27,27,1.397470,1.000000,9.82e-05,2026-01-27 18:49:10
27,28,1.928057,1.000000,9.82e-05,2026-01-27 18:49:10
27,29,0.446753,1.000000,9.82e-05,2026-01-27 18:49:10
28,1,1.091516,1.000000,9.80e-05,2026-01-27 18:49:12
28,2,2.288542,1.000000,9.80e-05,2026-01-27 18:49:12
28,3,2.138021,1.000000,9.80e-05,2026-01-27 18:49:13
28,4,0.821831,1.000000,9.80e-05,2026-01-27 18:49:13
28,5,1.787436,1.000000,9.80e-05,2026-01-27 18:49:13
28,6,2.239961,1.000000,9.80e-05,2026-01-27 18:49:13
28,7,0.898026,1.000000,9.80e-05,2026-01-27 18:49:13
28,8,2.624846,1.000000,9.80e-05,2026-01-27 18:49:13
28,9,1.727285,1.000000,9.80e-05,2026-01-27 18:49:13
28,10,0.690836,1.000000,9.80e-05,2026-01-27 18:49:13
28,11,1.452685,1.000000,9.80e-05,2026-01-27 18:49:13
28,12,1.417760,1.000000,9.80e-05,2026-01-27 18:49:13
28,13,1.343908,1.000000,9.80e-05,2026-01-27 18:49:13
28,14,0.534184,1.000000,9.80e-05,2026-01-27 18:49:13
28,15,1.584031,1.000000,9.80e-05,2026-01-27 18:49:13
28,16,0.651956,1.000000,9.80e-05,2026-01-27 18:49:13
28,17,2.024822,1.000000,9.80e-05,2026-01-27 18:49:13
28,18,3.606326,1.000000,9.80e-05,2026-01-27 18:49:13
28,19,1.472446,1.000000,9.80e-05,2026-01-27 18:49:13
28,20,2.271413,1.000000,9.80e-05,2026-01-27 18:49:13
28,21,1.522972,1.000000,9.80e-05,2026-01-27 18:49:13
28,22,0.629330,1.000000,9.80e-05,2026-01-27 18:49:13
28,23,1.039542,1.000000,9.80e-05,2026-01-27 18:49:13
28,24,1.717723,1.000000,9.80e-05,2026-01-27 18:49:13
28,25,1.037922,1.000000,9.80e-05,2026-01-27 18:49:13
28,26,1.143605,1.000000,9.80e-05,2026-01-27 18:49:13
28,27,0.997579,1.000000,9.80e-05,2026-01-27 18:49:13
28,28,1.233857,1.000000,9.80e-05,2026-01-27 18:49:13
28,29,3.526463,1.000000,9.80e-05,2026-01-27 18:49:13
29,1,1.605596,1.000000,9.79e-05,2026-01-27 18:49:16
29,2,2.512356,1.000000,9.79e-05,2026-01-27 18:49:16
29,3,1.345256,1.000000,9.79e-05,2026-01-27 18:49:16
29,4,0.952075,1.000000,9.79e-05,2026-01-27 18:49:16
29,5,1.861525,1.000000,9.79e-05,2026-01-27 18:49:16
29,6,1.661697,1.000000,9.79e-05,2026-01-27 18:49:16
29,7,0.984587,1.000000,9.79e-05,2026-01-27 18:49:16
29,8,1.842844,1.000000,9.79e-05,2026-01-27 18:49:16
29,9,2.757740,1.000000,9.79e-05,2026-01-27 18:49:16
29,10,1.148984,1.000000,9.79e-05,2026-01-27 18:49:16
29,11,2.716992,1.000000,9.79e-05,2026-01-27 18:49:16
29,12,1.069017,1.000000,9.79e-05,2026-01-27 18:49:16
29,13,1.859305,1.000000,9.79e-05,2026-01-27 18:49:16
29,14,1.186033,1.000000,9.79e-05,2026-01-27 18:49:16
29,15,1.072574,1.000000,9.79e-05,2026-01-27 18:49:16
29,16,1.386955,1.000000,9.79e-05,2026-01-27 18:49:16
29,17,0.971719,1.000000,9.79e-05,2026-01-27 18:49:16
29,18,0.859072,1.000000,9.79e-05,2026-01-27 18:49:16
29,19,1.459276,1.000000,9.79e-05,2026-01-27 18:49:17
29,20,1.119278,1.000000,9.79e-05,2026-01-27 18:49:17
29,21,0.937946,1.000000,9.79e-05,2026-01-27 18:49:17
29,22,2.092916,1.000000,9.79e-05,2026-01-27 18:49:17
29,23,1.097404,1.000000,9.79e-05,2026-01-27 18:49:17
29,24,1.739226,1.000000,9.79e-05,2026-01-27 18:49:17
29,25,1.685289,1.000000,9.79e-05,2026-01-27 18:49:17
29,26,0.878415,1.000000,9.79e-05,2026-01-27 18:49:17
29,27,1.264221,1.000000,9.79e-05,2026-01-27 18:49:17
29,28,0.995598,1.000000,9.79e-05,2026-01-27 18:49:17
29,29,0.964359,1.000000,9.79e-05,2026-01-27 18:49:17
30,1,1.008300,1.000000,9.77e-05,2026-01-27 18:49:19
30,2,1.200312,1.000000,9.77e-05,2026-01-27 18:49:19
30,3,1.935278,1.000000,9.77e-05,2026-01-27 18:49:19
30,4,1.269068,1.000000,9.77e-05,2026-01-27 18:49:19
30,5,0.867270,1.000000,9.77e-05,2026-01-27 18:49:19
30,6,0.925162,1.000000,9.77e-05,2026-01-27 18:49:19
30,7,1.031029,1.000000,9.77e-05,2026-01-27 18:49:19
30,8,0.925871,1.000000,9.77e-05,2026-01-27 18:49:19
30,9,0.786148,1.000000,9.77e-05,2026-01-27 18:49:19
30,10,1.523509,1.000000,9.77e-05,2026-01-27 18:49:19
30,11,1.590900,1.000000,9.77e-05,2026-01-27 18:49:20
30,12,1.446886,1.000000,9.77e-05,2026-01-27 18:49:20
30,13,1.293541,1.000000,9.77e-05,2026-01-27 18:49:20
30,14,1.226824,1.000000,9.77e-05,2026-01-27 18:49:20
30,15,1.207992,1.000000,9.77e-05,2026-01-27 18:49:20
30,16,0.797305,1.000000,9.77e-05,2026-01-27 18:49:20
30,17,0.866824,1.000000,9.77e-05,2026-01-27 18:49:20
30,18,1.343370,1.000000,9.77e-05,2026-01-27 18:49:20
30,19,1.500279,1.000000,9.77e-05,2026-01-27 18:49:20
30,20,1.364362,1.000000,9.77e-05,2026-01-27 18:49:20
30,21,1.502075,1.000000,9.77e-05,2026-01-27 18:49:20
30,22,1.387653,1.000000,9.77e-05,2026-01-27 18:49:20
30,23,4.216510,1.000000,9.77e-05,2026-01-27 18:49:20
30,24,0.792503,1.000000,9.77e-05,2026-01-27 18:49:20
30,25,1.099865,1.000000,9.77e-05,2026-01-27 18:49:20
30,26,1.057562,1.000000,9.77e-05,2026-01-27 18:49:20
30,27,0.580908,1.000000,9.77e-05,2026-01-27 18:49:20
30,28,0.659053,1.000000,9.77e-05,2026-01-27 18:49:20
30,29,1.723145,1.000000,9.77e-05,2026-01-27 18:49:20
31,1,3.200141,1.000000,9.76e-05,2026-01-27 18:49:23
31,2,1.070631,1.000000,9.76e-05,2026-01-27 18:49:23
31,3,0.789855,1.000000,9.76e-05,2026-01-27 18:49:23
31,4,1.609893,1.000000,9.76e-05,2026-01-27 18:49:23
31,5,1.305067,1.000000,9.76e-05,2026-01-27 18:49:23
31,6,0.775446,1.000000,9.76e-05,2026-01-27 18:49:23
31,7,1.851343,1.000000,9.76e-05,2026-01-27 18:49:23
31,8,0.962329,1.000000,9.76e-05,2026-01-27 18:49:23
31,9,0.902621,1.000000,9.76e-05,2026-01-27 18:49:23
31,10,0.964690,1.000000,9.76e-05,2026-01-27 18:49:23
31,11,1.906590,1.000000,9.76e-05,2026-01-27 18:49:23
31,12,1.146760,1.000000,9.76e-05,2026-01-27 18:49:23
31,13,0.642645,1.000000,9.76e-05,2026-01-27 18:49:23
31,14,1.318590,1.000000,9.76e-05,2026-01-27 18:49:23
31,15,1.652214,1.000000,9.76e-05,2026-01-27 18:49:23
31,16,0.992952,1.000000,9.76e-05,2026-01-27 18:49:23
31,17,0.840493,1.000000,9.76e-05,2026-01-27 18:49:23
31,18,0.819089,1.000000,9.76e-05,2026-01-27 18:49:23
31,19,1.066829,1.000000,9.76e-05,2026-01-27 18:49:23
31,20,0.545408,1.000000,9.76e-05,2026-01-27 18:49:23
31,21,1.543918,1.000000,9.76e-05,2026-01-27 18:49:23
31,22,0.788241,1.000000,9.76e-05,2026-01-27 18:49:23
31,23,0.850042,1.000000,9.76e-05,2026-01-27 18:49:23
31,24,0.907789,1.000000,9.76e-05,2026-01-27 18:49:23
31,25,1.426374,1.000000,9.76e-05,2026-01-27 18:49:23
31,26,1.074789,1.000000,9.76e-05,2026-01-27 18:49:23
31,27,0.804068,1.000000,9.76e-05,2026-01-27 18:49:23
31,28,2.819372,1.000000,9.76e-05,2026-01-27 18:49:23
31,29,0.255153,1.000000,9.76e-05,2026-01-27 18:49:23
32,1,0.624418,1.000000,9.74e-05,2026-01-27 18:49:26
32,2,1.691542,1.000000,9.74e-05,2026-01-27 18:49:26
32,3,1.054127,1.000000,9.74e-05,2026-01-27 18:49:26
32,4,1.482791,1.000000,9.74e-05,2026-01-27 18:49:26
32,5,0.837142,1.000000,9.74e-05,2026-01-27 18:49:26
32,6,0.793519,1.000000,9.74e-05,2026-01-27 18:49:26
32,7,1.790141,1.000000,9.74e-05,2026-01-27 18:49:26
32,8,0.490801,1.000000,9.74e-05,2026-01-27 18:49:27
32,9,0.576854,1.000000,9.74e-05,2026-01-27 18:49:27
32,10,1.847811,1.000000,9.74e-05,2026-01-27 18:49:27
32,11,2.928483,1.000000,9.74e-05,2026-01-27 18:49:27
32,12,1.098393,1.000000,9.74e-05,2026-01-27 18:49:27
32,13,3.131353,1.000000,9.74e-05,2026-01-27 18:49:27
32,14,3.738559,1.000000,9.74e-05,2026-01-27 18:49:27
32,15,1.801592,1.000000,9.74e-05,2026-01-27 18:49:27
32,16,1.077325,1.000000,9.74e-05,2026-01-27 18:49:27
32,17,1.169288,1.000000,9.74e-05,2026-01-27 18:49:27
32,18,1.003177,1.000000,9.74e-05,2026-01-27 18:49:27
32,19,1.444206,1.000000,9.74e-05,2026-01-27 18:49:27
32,20,0.959853,1.000000,9.74e-05,2026-01-27 18:49:27
32,21,1.347369,1.000000,9.74e-05,2026-01-27 18:49:27
32,22,1.008440,1.000000,9.74e-05,2026-01-27 18:49:27
32,23,1.438125,1.000000,9.74e-05,2026-01-27 18:49:27
32,24,0.683647,1.000000,9.74e-05,2026-01-27 18:49:27
32,25,3.789059,1.000000,9.74e-05,2026-01-27 18:49:27
32,26,2.373126,1.000000,9.74e-05,2026-01-27 18:49:27
32,27,1.132678,1.000000,9.74e-05,2026-01-27 18:49:27
32,28,1.712505,1.000000,9.74e-05,2026-01-27 18:49:27
32,29,1.066124,1.000000,9.74e-05,2026-01-27 18:49:27
33,1,1.835796,1.000000,9.72e-05,2026-01-27 18:49:30
33,2,1.241942,1.000000,9.72e-05,2026-01-27 18:49:30
33,3,1.715989,1.000000,9.72e-05,2026-01-27 18:49:30
33,4,2.227091,1.000000,9.72e-05,2026-01-27 18:49:30
33,5,1.755892,1.000000,9.72e-05,2026-01-27 18:49:30
33,6,2.561343,1.000000,9.72e-05,2026-01-27 18:49:30
33,7,3.614294,1.000000,9.72e-05,2026-01-27 18:49:30
33,8,1.735003,1.000000,9.72e-05,2026-01-27 18:49:30
33,9,1.173328,1.000000,9.72e-05,2026-01-27 18:49:30
33,10,4.005023,1.000000,9.72e-05,2026-01-27 18:49:30
33,11,1.002479,1.000000,9.72e-05,2026-01-27 18:49:30
33,12,0.978726,1.000000,9.72e-05,2026-01-27 18:49:30
33,13,2.145403,1.000000,9.72e-05,2026-01-27 18:49:30
33,14,1.235362,1.000000,9.72e-05,2026-01-27 18:49:30
33,15,1.747715,1.000000,9.72e-05,2026-01-27 18:49:30
33,16,1.306156,1.000000,9.72e-05,2026-01-27 18:49:30
33,17,1.087201,1.000000,9.72e-05,2026-01-27 18:49:30
33,18,1.668358,1.000000,9.72e-05,2026-01-27 18:49:30
33,19,2.377397,1.000000,9.72e-05,2026-01-27 18:49:30
33,20,1.315992,1.000000,9.72e-05,2026-01-27 18:49:30
33,21,1.548416,1.000000,9.72e-05,2026-01-27 18:49:30
33,22,0.952013,1.000000,9.72e-05,2026-01-27 18:49:30
33,23,1.319098,1.000000,9.72e-05,2026-01-27 18:49:31
33,24,0.997019,1.000000,9.72e-05,2026-01-27 18:49:31
33,25,1.277212,1.000000,9.72e-05,2026-01-27 18:49:31
33,26,0.747594,1.000000,9.72e-05,2026-01-27 18:49:31
33,27,1.447514,1.000000,9.72e-05,2026-01-27 18:49:31
33,28,0.710119,1.000000,9.72e-05,2026-01-27 18:49:31
33,29,0.448544,1.000000,9.72e-05,2026-01-27 18:49:31
34,1,0.762029,1.000000,9.71e-05,2026-01-27 18:49:33
34,2,0.999158,1.000000,9.71e-05,2026-01-27 18:49:33
34,3,2.001518,1.000000,9.71e-05,2026-01-27 18:49:33
34,4,0.829968,1.000000,9.71e-05,2026-01-27 18:49:33
34,5,0.596445,1.000000,9.71e-05,2026-01-27 18:49:33
34,6,1.162580,1.000000,9.71e-05,2026-01-27 18:49:33
34,7,1.059583,1.000000,9.71e-05,2026-01-27 18:49:33
34,8,0.998640,1.000000,9.71e-05,2026-01-27 18:49:33
34,9,2.023885,1.000000,9.71e-05,2026-01-27 18:49:33
34,10,1.433710,1.000000,9.71e-05,2026-01-27 18:49:33
34,11,0.753249,1.000000,9.71e-05,2026-01-27 18:49:33
34,12,1.241021,1.000000,9.71e-05,2026-01-27 18:49:34
34,13,1.325937,1.000000,9.71e-05,2026-01-27 18:49:34
34,14,1.096620,1.000000,9.71e-05,2026-01-27 18:49:34
34,15,1.469566,1.000000,9.71e-05,2026-01-27 18:49:34
34,16,2.109103,1.000000,9.71e-05,2026-01-27 18:49:34
34,17,1.814224,1.000000,9.71e-05,2026-01-27 18:49:34
34,18,1.042324,1.000000,9.71e-05,2026-01-27 18:49:34
34,19,1.158697,1.000000,9.71e-05,2026-01-27 18:49:34
34,20,0.699584,1.000000,9.71e-05,2026-01-27 18:49:34
34,21,0.920859,1.000000,9.71e-05,2026-01-27 18:49:34
34,22,1.430860,1.000000,9.71e-05,2026-01-27 18:49:34
34,23,1.098769,1.000000,9.71e-05,2026-01-27 18:49:34
34,24,1.912735,1.000000,9.71e-05,2026-01-27 18:49:34
34,25,0.801534,1.000000,9.71e-05,2026-01-27 18:49:34
34,26,1.023067,1.000000,9.71e-05,2026-01-27 18:49:34
34,27,0.791880,1.000000,9.71e-05,2026-01-27 18:49:34
34,28,3.324886,1.000000,9.71e-05,2026-01-27 18:49:34
34,29,1.083660,1.000000,9.71e-05,2026-01-27 18:49:34
35,1,0.701718,1.000000,9.69e-05,2026-01-27 18:49:37
35,2,0.922696,1.000000,9.69e-05,2026-01-27 18:49:37
35,3,1.749240,1.000000,9.69e-05,2026-01-27 18:49:37
35,4,0.583739,1.000000,9.69e-05,2026-01-27 18:49:37
35,5,1.502976,1.000000,9.69e-05,2026-01-27 18:49:37
35,6,1.098069,1.000000,9.69e-05,2026-01-27 18:49:37
35,7,0.866836,1.000000,9.69e-05,2026-01-27 18:49:37
35,8,1.828248,1.000000,9.69e-05,2026-01-27 18:49:37
35,9,1.336828,1.000000,9.69e-05,2026-01-27 18:49:37
35,10,1.058369,1.000000,9.69e-05,2026-01-27 18:49:37
35,11,0.649181,1.000000,9.69e-05,2026-01-27 18:49:37
35,12,1.290061,1.000000,9.69e-05,2026-01-27 18:49:37
35,13,0.988270,1.000000,9.69e-05,2026-01-27 18:49:37
35,14,0.804741,1.000000,9.69e-05,2026-01-27 18:49:37
35,15,2.051995,1.000000,9.69e-05,2026-01-27 18:49:37
35,16,0.783165,1.000000,9.69e-05,2026-01-27 18:49:37
35,17,1.028391,1.000000,9.69e-05,2026-01-27 18:49:37
35,18,1.426043,1.000000,9.69e-05,2026-01-27 18:49:37
35,19,1.232461,1.000000,9.69e-05,2026-01-27 18:49:37
35,20,0.792534,1.000000,9.69e-05,2026-01-27 18:49:37
35,21,0.722926,1.000000,9.69e-05,2026-01-27 18:49:37
35,22,1.004773,1.000000,9.69e-05,2026-01-27 18:49:37
35,23,1.980499,1.000000,9.69e-05,2026-01-27 18:49:37
35,24,0.742299,1.000000,9.69e-05,2026-01-27 18:49:37
35,25,1.902390,1.000000,9.69e-05,2026-01-27 18:49:37
35,26,0.808416,1.000000,9.69e-05,2026-01-27 18:49:37
35,27,2.826159,1.000000,9.69e-05,2026-01-27 18:49:37
35,28,1.408443,1.000000,9.69e-05,2026-01-27 18:49:37
35,29,0.266297,1.000000,9.69e-05,2026-01-27 18:49:37
36,1,1.124506,1.000000,9.67e-05,2026-01-27 18:49:40
36,2,1.209064,1.000000,9.67e-05,2026-01-27 18:49:40
36,3,0.580234,1.000000,9.67e-05,2026-01-27 18:49:40
36,4,1.330778,1.000000,9.67e-05,2026-01-27 18:49:40
36,5,1.758671,1.000000,9.67e-05,2026-01-27 18:49:40
36,6,0.478162,1.000000,9.67e-05,2026-01-27 18:49:40
36,7,0.659373,1.000000,9.67e-05,2026-01-27 18:49:40
36,8,1.260999,1.000000,9.67e-05,2026-01-27 18:49:40
36,9,3.065192,1.000000,9.67e-05,2026-01-27 18:49:40
36,10,0.760556,1.000000,9.67e-05,2026-01-27 18:49:40
36,11,1.804441,1.000000,9.67e-05,2026-01-27 18:49:40
36,12,2.166391,1.000000,9.67e-05,2026-01-27 18:49:40
36,13,1.951063,1.000000,9.67e-05,2026-01-27 18:49:40
36,14,3.435516,1.000000,9.67e-05,2026-01-27 18:49:40
36,15,1.777760,1.000000,9.67e-05,2026-01-27 18:49:40
36,16,0.580456,1.000000,9.67e-05,2026-01-27 18:49:40
36,17,1.036145,1.000000,9.67e-05,2026-01-27 18:49:40
36,18,0.900388,1.000000,9.67e-05,2026-01-27 18:49:40
36,19,1.953301,1.000000,9.67e-05,2026-01-27 18:49:40
36,20,0.709156,1.000000,9.67e-05,2026-01-27 18:49:40
36,21,1.739199,1.000000,9.67e-05,2026-01-27 18:49:40
36,22,2.177289,1.000000,9.67e-05,2026-01-27 18:49:41
36,23,1.057715,1.000000,9.67e-05,2026-01-27 18:49:41
36,24,1.014986,1.000000,9.67e-05,2026-01-27 18:49:41
36,25,1.303203,1.000000,9.67e-05,2026-01-27 18:49:41
36,26,0.804738,1.000000,9.67e-05,2026-01-27 18:49:41
36,27,1.011468,1.000000,9.67e-05,2026-01-27 18:49:41
36,28,0.685641,1.000000,9.67e-05,2026-01-27 18:49:41
36,29,1.700706,1.000000,9.67e-05,2026-01-27 18:49:41
37,1,1.096879,1.000000,9.65e-05,2026-01-27 18:49:43
37,2,0.437809,1.000000,9.65e-05,2026-01-27 18:49:43
37,3,1.107575,1.000000,9.65e-05,2026-01-27 18:49:43
37,4,0.829189,1.000000,9.65e-05,2026-01-27 18:49:43
37,5,0.558136,1.000000,9.65e-05,2026-01-27 18:49:43
37,6,1.451586,1.000000,9.65e-05,2026-01-27 18:49:44
37,7,1.450987,1.000000,9.65e-05,2026-01-27 18:49:44
37,8,1.069018,1.000000,9.65e-05,2026-01-27 18:49:44
37,9,0.810044,1.000000,9.65e-05,2026-01-27 18:49:44
37,10,0.872037,1.000000,9.65e-05,2026-01-27 18:49:44
37,11,0.857584,1.000000,9.65e-05,2026-01-27 18:49:44
37,12,1.251403,1.000000,9.65e-05,2026-01-27 18:49:44
37,13,1.100586,1.000000,9.65e-05,2026-01-27 18:49:44
37,14,1.038655,1.000000,9.65e-05,2026-01-27 18:49:44
37,15,0.940433,1.000000,9.65e-05,2026-01-27 18:49:44
37,16,1.244238,1.000000,9.65e-05,2026-01-27 18:49:44
37,17,2.249844,1.000000,9.65e-05,2026-01-27 18:49:44
37,18,1.272605,1.000000,9.65e-05,2026-01-27 18:49:44
37,19,2.192801,1.000000,9.65e-05,2026-01-27 18:49:44
37,20,0.968192,1.000000,9.65e-05,2026-01-27 18:49:44
37,21,0.843659,1.000000,9.65e-05,2026-01-27 18:49:44
37,22,1.991426,1.000000,9.65e-05,2026-01-27 18:49:44
37,23,0.885772,1.000000,9.65e-05,2026-01-27 18:49:44
37,24,0.585813,1.000000,9.65e-05,2026-01-27 18:49:44
37,25,1.692892,1.000000,9.65e-05,2026-01-27 18:49:44
37,26,1.276291,1.000000,9.65e-05,2026-01-27 18:49:44
37,27,0.566408,1.000000,9.65e-05,2026-01-27 18:49:44
37,28,0.974657,1.000000,9.65e-05,2026-01-27 18:49:44
37,29,1.213865,1.000000,9.65e-05,2026-01-27 18:49:44
38,1,1.352806,1.000000,9.63e-05,2026-01-27 18:49:46
38,2,0.903694,1.000000,9.63e-05,2026-01-27 18:49:47
38,3,1.057723,1.000000,9.63e-05,2026-01-27 18:49:47
38,4,1.446196,1.000000,9.63e-05,2026-01-27 18:49:47
38,5,0.948884,1.000000,9.63e-05,2026-01-27 18:49:47
38,6,0.744298,1.000000,9.63e-05,2026-01-27 18:49:47
38,7,0.755051,1.000000,9.63e-05,2026-01-27 18:49:47
38,8,1.580919,1.000000,9.63e-05,2026-01-27 18:49:47
38,9,1.051311,1.000000,9.63e-05,2026-01-27 18:49:47
38,10,1.396938,1.000000,9.63e-05,2026-01-27 18:49:47
38,11,1.144043,1.000000,9.63e-05,2026-01-27 18:49:47
38,12,1.101732,1.000000,9.63e-05,2026-01-27 18:49:47
38,13,0.770078,1.000000,9.63e-05,2026-01-27 18:49:47
38,14,3.017565,1.000000,9.63e-05,2026-01-27 18:49:47
38,15,1.976187,1.000000,9.63e-05,2026-01-27 18:49:47
38,16,1.494913,1.000000,9.63e-05,2026-01-27 18:49:47
38,17,1.977252,1.000000,9.63e-05,2026-01-27 18:49:47
38,18,0.985085,1.000000,9.63e-05,2026-01-27 18:49:47
38,19,3.951112,1.000000,9.63e-05,2026-01-27 18:49:47
38,20,0.818673,1.000000,9.63e-05,2026-01-27 18:49:47
38,21,1.511891,1.000000,9.63e-05,2026-01-27 18:49:47
38,22,1.045041,1.000000,9.63e-05,2026-01-27 18:49:47
38,23,1.349216,1.000000,9.63e-05,2026-01-27 18:49:47
38,24,0.758426,1.000000,9.63e-05,2026-01-27 18:49:47
38,25,1.311398,1.000000,9.63e-05,2026-01-27 18:49:47
38,26,0.798974,1.000000,9.63e-05,2026-01-27 18:49:47
38,27,0.654477,1.000000,9.63e-05,2026-01-27 18:49:47
38,28,0.996080,1.000000,9.63e-05,2026-01-27 18:49:47
38,29,1.264054,1.000000,9.63e-05,2026-01-27 18:49:47
39,1,1.137542,1.000000,9.61e-05,2026-01-27 18:49:50
39,2,0.735385,1.000000,9.61e-05,2026-01-27 18:49:50
39,3,1.200433,1.000000,9.61e-05,2026-01-27 18:49:50
39,4,1.362782,1.000000,9.61e-05,2026-01-27 18:49:50
39,5,0.982865,1.000000,9.61e-05,2026-01-27 18:49:50
39,6,0.945655,1.000000,9.61e-05,2026-01-27 18:49:50
39,7,0.413487,1.000000,9.61e-05,2026-01-27 18:49:50
39,8,0.740234,1.000000,9.61e-05,2026-01-27 18:49:50
39,9,1.553000,1.000000,9.61e-05,2026-01-27 18:49:50
39,10,2.237313,1.000000,9.61e-05,2026-01-27 18:49:50
39,11,2.180528,1.000000,9.61e-05,2026-01-27 18:49:50
39,12,0.612747,1.000000,9.61e-05,2026-01-27 18:49:50
39,13,2.217698,1.000000,9.61e-05,2026-01-27 18:49:50
39,14,0.761419,1.000000,9.61e-05,2026-01-27 18:49:50
39,15,1.258049,1.000000,9.61e-05,2026-01-27 18:49:50
39,16,1.343097,1.000000,9.61e-05,2026-01-27 18:49:50
39,17,2.391901,1.000000,9.61e-05,2026-01-27 18:49:50
39,18,0.710824,1.000000,9.61e-05,2026-01-27 18:49:51
39,19,0.974960,1.000000,9.61e-05,2026-01-27 18:49:51
39,20,0.690056,1.000000,9.61e-05,2026-01-27 18:49:51
39,21,0.751491,1.000000,9.61e-05,2026-01-27 18:49:51
39,22,0.992246,1.000000,9.61e-05,2026-01-27 18:49:51
39,23,1.084179,1.000000,9.61e-05,2026-01-27 18:49:51
39,24,0.966127,1.000000,9.61e-05,2026-01-27 18:49:51
39,25,0.680852,1.000000,9.61e-05,2026-01-27 18:49:51
39,26,0.884334,1.000000,9.61e-05,2026-01-27 18:49:51
39,27,1.990026,1.000000,9.61e-05,2026-01-27 18:49:51
39,28,0.932549,1.000000,9.61e-05,2026-01-27 18:49:51
39,29,0.558815,1.000000,9.61e-05,2026-01-27 18:49:51
40,1,1.434215,1.000000,9.59e-05,2026-01-27 18:49:53
40,2,0.848646,1.000000,9.59e-05,2026-01-27 18:49:53
40,3,0.837777,1.000000,9.59e-05,2026-01-27 18:49:53
40,4,1.655409,1.000000,9.59e-05,2026-01-27 18:49:53
40,5,0.788268,1.000000,9.59e-05,2026-01-27 18:49:53
40,6,2.041215,1.000000,9.59e-05,2026-01-27 18:49:54
40,7,0.769977,1.000000,9.59e-05,2026-01-27 18:49:54
40,8,2.550714,1.000000,9.59e-05,2026-01-27 18:49:54
40,9,1.828747,1.000000,9.59e-05,2026-01-27 18:49:54
40,10,0.646223,1.000000,9.59e-05,2026-01-27 18:49:54
40,11,0.954738,1.000000,9.59e-05,2026-01-27 18:49:54
40,12,1.443265,1.000000,9.59e-05,2026-01-27 18:49:54
40,13,0.637257,1.000000,9.59e-05,2026-01-27 18:49:54
40,14,0.987339,1.000000,9.59e-05,2026-01-27 18:49:54
40,15,0.748710,1.000000,9.59e-05,2026-01-27 18:49:54
40,16,1.409449,1.000000,9.59e-05,2026-01-27 18:49:54
40,17,0.595864,1.000000,9.59e-05,2026-01-27 18:49:54
40,18,0.770640,1.000000,9.59e-05,2026-01-27 18:49:54
40,19,0.655267,1.000000,9.59e-05,2026-01-27 18:49:54
40,20,1.498943,1.000000,9.59e-05,2026-01-27 18:49:54
40,21,0.657522,1.000000,9.59e-05,2026-01-27 18:49:54
40,22,0.710253,1.000000,9.59e-05,2026-01-27 18:49:54
40,23,1.277477,1.000000,9.59e-05,2026-01-27 18:49:54
40,24,0.669138,1.000000,9.59e-05,2026-01-27 18:49:54
40,25,1.453340,1.000000,9.59e-05,2026-01-27 18:49:54
40,26,0.933124,1.000000,9.59e-05,2026-01-27 18:49:54
40,27,1.497065,1.000000,9.59e-05,2026-01-27 18:49:54
40,28,2.846175,1.000000,9.59e-05,2026-01-27 18:49:54
40,29,1.815183,1.000000,9.59e-05,2026-01-27 18:49:54
41,1,1.193548,1.000000,9.57e-05,2026-01-27 18:49:56
41,2,1.069866,1.000000,9.57e-05,2026-01-27 18:49:56
41,3,1.065962,1.000000,9.57e-05,2026-01-27 18:49:57
41,4,1.414900,1.000000,9.57e-05,2026-01-27 18:49:57
41,5,0.483531,1.000000,9.57e-05,2026-01-27 18:49:57
41,6,2.773359,1.000000,9.57e-05,2026-01-27 18:49:57
41,7,1.253990,1.000000,9.57e-05,2026-01-27 18:49:57
41,8,0.911673,1.000000,9.57e-05,2026-01-27 18:49:57
41,9,0.533774,1.000000,9.57e-05,2026-01-27 18:49:57
41,10,2.229287,1.000000,9.57e-05,2026-01-27 18:49:57
41,11,1.627262,1.000000,9.57e-05,2026-01-27 18:49:57
41,12,2.550264,1.000000,9.57e-05,2026-01-27 18:49:57
41,13,2.217347,1.000000,9.57e-05,2026-01-27 18:49:57
41,14,0.722874,1.000000,9.57e-05,2026-01-27 18:49:57
41,15,1.128445,1.000000,9.57e-05,2026-01-27 18:49:57
41,16,0.886658,1.000000,9.57e-05,2026-01-27 18:49:57
41,17,1.165057,1.000000,9.57e-05,2026-01-27 18:49:57
41,18,1.058273,1.000000,9.57e-05,2026-01-27 18:49:57
41,19,0.517569,1.000000,9.57e-05,2026-01-27 18:49:57
41,20,0.902702,1.000000,9.57e-05,2026-01-27 18:49:57
41,21,2.130841,1.000000,9.57e-05,2026-01-27 18:49:57
41,22,1.669325,1.000000,9.57e-05,2026-01-27 18:49:57
41,23,1.821246,1.000000,9.57e-05,2026-01-27 18:49:57
41,24,0.593625,1.000000,9.57e-05,2026-01-27 18:49:57
41,25,1.039379,1.000000,9.57e-05,2026-01-27 18:49:57
41,26,0.591575,1.000000,9.57e-05,2026-01-27 18:49:57
41,27,0.981500,1.000000,9.57e-05,2026-01-27 18:49:57
41,28,0.903826,1.000000,9.57e-05,2026-01-27 18:49:57
41,29,0.764144,1.000000,9.57e-05,2026-01-27 18:49:57
